total_trades,average_return,median_return,win_rate,std_return,trade_level_return_ratio,average_win,average_loss,expected_value,average_holding_period_days,average_holding_period_hours,average_holding_bars,trades_per_month,stop_loss_exit_rate,take_profit_exit_rate
136,0.0035480682836663328,-0.00386888264909625,0.4338235294117647,0.026966507646745092,0.13157314733317316,0.030499113877474057,0.017102732885614917,0.0035480682836663297,21.551470588235293,517.2352941176471,14.764705882352942,0.36375219683655535,0.07352941176470588,0.33088235294117646
